quantile, ccyy, threshold, hc, hceduc, hcmed, hcbgiftg, hncbgiftg
1, fr10, 150, 12923.878, 76.056962, 127.00633, 0, 0
2, fr10, 1321, 10928.857, 26.352201, 159.83019, 0, 0
3, fr10, 2591, 12369.874, 44.050955, 117.5414, 0, 0
4, fr10, 3852, 15367.027, 204.5, 157.21519, 0, 0
5, fr10, 4874, 13974.627, 65.746835, 128.93671, 5.6962025, 5.6962025
6, fr10, 5828, 15709.888, 240.20126, 196.86792, 7.5471698, 7.5471698
7, fr10, 6810, 17627.603, 44.910828, 172.38854, 3.8216561, 3.8216561
8, fr10, 7730, 18100.62, 68.196203, 132.6962, 1.8987342, 1.8987342
9, fr10, 8400, 16360.945, 80.1375, 230.29375, 0, 0
10, fr10, 9042, 16309.467, 74.051282, 172.86538, 0, 0
11, fr10, 9745, 16818.586, 163.41139, 264.03797, 9.4936709, 9.4936709
12, fr10, 10430, 17827.175, 55.962025, 280.58861, 1.8987342, 1.8987342
13, fr10, 10962, 17096.839, 55.518987, 191.39241, 0, 0
14, fr10, 11460, 16896.978, 85.246835, 228.51899, 9.4936709, 9.4936709
15, fr10, 11894, 17633.52, 17.03125, 225.55, 0, 0
16, fr10, 12360, 19135.59, 117.35897, 228.03205, 11.538462, 11.538462
17, fr10, 12848, 16986.052, 85.259494, 169.24051, 5.6962025, 5.6962025
18, fr10, 13240, 16779.437, 70.740506, 251.97468, 11.392405, 11.392405
19, fr10, 13722, 18364.545, 75.708861, 219.0443, 0, 0
20, fr10, 14136, 19473.433, 40.265823, 379.8481, 0, 0
21, fr10, 14594, 18708.504, 44.93038, 185.79114, 0, 0
22, fr10, 15000, 18814.914, 41.962264, 216, 0, 0
23, fr10, 15414, 19332.886, 103.36943, 190.47771, 0, 0
24, fr10, 15814, 19321.875, 30.436709, 230.3038, 1.8987342, 1.8987342
25, fr10, 16296, 20395.754, 25.772152, 380.25949, 37.974684, 37.974684
26, fr10, 16650, 21962.071, 116.03797, 295.28481, 0, 0
27, fr10, 17078, 21032.094, 54.626582, 263.41772, 0, 0
28, fr10, 17530, 21783.377, 73.816456, 348.16456, 0, 0
29, fr10, 17939, 20544.5, 56.765823, 237.48734, 0, 0
30, fr10, 18286, 22165.934, 73.727848, 303.68354, 0, 0
31, fr10, 18702, 22134.672, 47.658228, 269.10759, 0, 0
32, fr10, 19048, 21214.225, 91.144654, 215.1761, 0, 0
33, fr10, 19451, 23331.314, 179.27389, 377.28662, 0, 0
34, fr10, 19892, 24000.993, 26.923567, 356.20382, 0, 0
35, fr10, 20303, 24519.364, 74.06962, 341.61392, 0, 0
36, fr10, 20678, 22844.387, 133.61392, 309.20253, 36.075949, 36.075949
37, fr10, 21098, 24146.949, 46.860759, 317.94937, 0, 0
38, fr10, 21548, 25251.204, 85.386076, 387.62658, 0, 0
39, fr10, 21937, 26871.326, 72.367089, 298.91139, 0, 0
40, fr10, 22379, 25946.908, 75.006329, 279.86076, 0, 0
41, fr10, 22855, 27019.132, 45.468354, 276.5, 0, 0
42, fr10, 23318, 24943.362, 91.468354, 561.71519, 0, 0
43, fr10, 23844, 25251.604, 34.537975, 323.21519, 7.5949367, 7.5949367
44, fr10, 24269, 26525.324, 50.708861, 289.89241, 13.291139, 13.291139
45, fr10, 24733, 27003.951, 199.93671, 396.25316, 0, 0
46, fr10, 25181, 28036.557, 31.803797, 415.36076, 0, 0
47, fr10, 25654, 27077.993, 72.531646, 407.16456, 0, 0
48, fr10, 26086, 28746.204, 98.936709, 381.18354, 0, 0
49, fr10, 26540, 29122.993, 54.550633, 358.03165, 0, 0
50, fr10, 27006, 27753.585, 100.12658, 330.71519, 1.8987342, 1.8987342
51, fr10, 27492, 29869.879, 110.34177, 356.53797, 0, 0
52, fr10, 27996, 29722.345, 238.5443, 352.17722, 5.6962025, 5.6962025
53, fr10, 28488, 29624.705, 104.73418, 378.06329, 0, 0
54, fr10, 28973, 30386.293, 53.765823, 377.8481, 0, 0
55, fr10, 29480, 31676.604, 116.37107, 446.13208, 0, 0
56, fr10, 29985, 30280.897, 81.452229, 440.6051, 0, 0
57, fr10, 30570, 31942.841, 92.126582, 543.46203, 0, 0
58, fr10, 31152, 31486.646, 108.37342, 401.35443, 0, 0
59, fr10, 31666, 32748.784, 171.58491, 423.22013, 0, 0
60, fr10, 32260, 35445.542, 77.299363, 442.07643, 0, 0
61, fr10, 32786, 35351.568, 75.234177, 471.39873, 0, 0
62, fr10, 33389, 35641.313, 88.088608, 490.53165, 13.291139, 13.291139
63, fr10, 34021, 34696.638, 79.335443, 519.37975, 0, 0
64, fr10, 34651, 35004.417, 58.335443, 455.89873, 0, 0
65, fr10, 35199, 37278.424, 196.2327, 511.97484, 0, 0
66, fr10, 35860, 35175.37, 121.14013, 571.55414, 0, 0
67, fr10, 36516, 37190.351, 194.64968, 555.50318, 0, 0
68, fr10, 37200, 38475.639, 182.89241, 533.06962, 0, 0
69, fr10, 38001, 39728.205, 265.92405, 684.12025, 0, 0
70, fr10, 38668, 37506.697, 98.647799, 461.76101, 0, 0
71, fr10, 39307, 35831.69, 220.11465, 551.82803, 0, 0
72, fr10, 39969, 38205.622, 154.3038, 456.13924, 0, 0
73, fr10, 40688, 39064.442, 192.1962, 437.35443, 0, 0
74, fr10, 41350, 41100.925, 171.03797, 495.13291, 0, 0
75, fr10, 41995, 40990.708, 452.12025, 644.24051, 0, 0
76, fr10, 42753, 40059.967, 274.22152, 589.13924, 18.987342, 18.987342
77, fr10, 43640, 40475.895, 92.563291, 490.89873, 0, 0
78, fr10, 44502, 42377.803, 391.36076, 587.53797, 0, 0
79, fr10, 45184, 43469.338, 112.96203, 610.32911, 0, 0
80, fr10, 46055, 43589.801, 80.240506, 623.8481, 0, 0
81, fr10, 47035, 42350.026, 91.320755, 627.93082, 0, 0
82, fr10, 48202, 43290.058, 114.02548, 533.09554, 0, 0
83, fr10, 49183, 45033.163, 196.40506, 595.60127, 0, 0
84, fr10, 50416, 47237.548, 249.94304, 543.1519, 0, 0
85, fr10, 51603, 49475.517, 311.74214, 557.90566, 0, 0
86, fr10, 52923, 47881.306, 346.79874, 698.79245, 1.8867925, 1.8867925
87, fr10, 54217, 47801.178, 435.53205, 593.26923, 0, 0
88, fr10, 55682, 48867.487, 196.1519, 677.37342, 0, 0
89, fr10, 57652, 53725.128, 278.46203, 660.29747, 0, 0
90, fr10, 59209, 52156.167, 272.53165, 555.84177, 0, 0
91, fr10, 61200, 52050.124, 270.86076, 788.87975, 0, 0
92, fr10, 63961, 52847.565, 238.28931, 724.67925, 0, 0
93, fr10, 66438, 58715.422, 228.8535, 782.26752, 0, 0
94, fr10, 69394, 54813.168, 825.68987, 657.02532, 0, 0
95, fr10, 73985, 57730.154, 927.27215, 782.62025, 0, 0
96, fr10, 79173, 62131.123, 797.86076, 685.88608, 0, 0
97, fr10, 85362, 63087.548, 510.1962, 796.66456, 0, 0
98, fr10, 96091, 71148.057, 536.51899, 922.05063, 0, 0
99, fr10, 114128, 74631.401, 668.29114, 924.24051, 0, 0
100, fr10, ., 85575.801, 1178.9363, 939.41401, 0, 0
1, ie10, 702, ., ., ., 571.77273, 571.77273
2, ie10, 3870, ., ., ., 202.97674, 202.97674
3, ie10, 6621, ., ., ., 325.83721, 325.83721
4, ie10, 9516, ., ., ., 471.83721, 471.83721
5, ie10, 10055, ., ., ., 199.34091, 199.34091
6, ie10, 10419, ., ., ., 304.55814, 304.55814
7, ie10, 10816, ., ., ., 395.86364, 395.86364
8, ie10, 11191, ., ., ., 631.97619, 631.97619
9, ie10, 11744, ., ., ., 318.60465, 318.60465
10, ie10, 12308, ., ., ., 659.34091, 659.34091
11, ie10, 12480, ., ., ., 823.09091, 823.09091
12, ie10, 12862, ., ., ., 657.35714, 657.35714
13, ie10, 13016, ., ., ., 886.07937, 886.07937
14, ie10, 13208, ., ., ., 750.5, 750.5
15, ie10, 13531, ., ., ., 645.55814, 645.55814
16, ie10, 13764, ., ., ., 719.69767, 719.69767
17, ie10, 13988, ., ., ., 745.31111, 745.31111
18, ie10, 14185, ., ., ., 776.92683, 776.92683
19, ie10, 14589, ., ., ., 614.13636, 614.13636
20, ie10, 15335, ., ., ., 578.81395, 578.81395
21, ie10, 16039, ., ., ., 487.46512, 487.46512
22, ie10, 16742, ., ., ., 354.88372, 354.88372
23, ie10, 17343, ., ., ., 451.90909, 451.90909
24, ie10, 17911, ., ., ., 337.34884, 337.34884
25, ie10, 18666, ., ., ., 270.37209, 270.37209
26, ie10, 19476, ., ., ., 473.62791, 473.62791
27, ie10, 19885, ., ., ., 407.37209, 407.37209
28, ie10, 20448, ., ., ., 313.90909, 313.90909
29, ie10, 20976, ., ., ., 252.90698, 252.90698
30, ie10, 21404, ., ., ., 261.30233, 261.30233
31, ie10, 21959, ., ., ., 407.06977, 407.06977
32, ie10, 22383, ., ., ., 405.45455, 405.45455
33, ie10, 22840, ., ., ., 522.97674, 522.97674
34, ie10, 23343, ., ., ., 582.95556, 582.95556
35, ie10, 23717, ., ., ., 444.54762, 444.54762
36, ie10, 24037, ., ., ., 487.2619, 487.2619
37, ie10, 24472, ., ., ., 406.13636, 406.13636
38, ie10, 24912, ., ., ., 529.23256, 529.23256
39, ie10, 25286, ., ., ., 552.81395, 552.81395
40, ie10, 25785, ., ., ., 416.51163, 416.51163
41, ie10, 26310, ., ., ., 321, 321
42, ie10, 26919, ., ., ., 449.65116, 449.65116
43, ie10, 27409, ., ., ., 313.61364, 313.61364
44, ie10, 27817, ., ., ., 345, 345
45, ie10, 28384, ., ., ., 291.27907, 291.27907
46, ie10, 29023, ., ., ., 187.52273, 187.52273
47, ie10, 29674, ., ., ., 181.90698, 181.90698
48, ie10, 30212, ., ., ., 125.90698, 125.90698
49, ie10, 30845, ., ., ., 236.44186, 236.44186
50, ie10, 31454, ., ., ., 251.44186, 251.44186
51, ie10, 31968, ., ., ., 210.04545, 210.04545
52, ie10, 32689, ., ., ., 282.04651, 282.04651
53, ie10, 33232, ., ., ., 229.2093, 229.2093
54, ie10, 33769, ., ., ., 190.93023, 190.93023
55, ie10, 34503, ., ., ., 225.59091, 225.59091
56, ie10, 35093, ., ., ., 202.13953, 202.13953
57, ie10, 35759, ., ., ., 179.44186, 179.44186
58, ie10, 36327, ., ., ., 104.93023, 104.93023
59, ie10, 36996, ., ., ., 182.62791, 182.62791
60, ie10, 37638, ., ., ., 121.90909, 121.90909
61, ie10, 38203, ., ., ., 91.55814, 91.55814
62, ie10, 38904, ., ., ., 159.97674, 159.97674
63, ie10, 39643, ., ., ., 157.46512, 157.46512
64, ie10, 40386, ., ., ., 65.590909, 65.590909
65, ie10, 40997, ., ., ., 173.34884, 173.34884
66, ie10, 41746, ., ., ., 180.02326, 180.02326
67, ie10, 42452, ., ., ., 167.88372, 167.88372
68, ie10, 43376, ., ., ., 249.48837, 249.48837
69, ie10, 44420, ., ., ., 200.31818, 200.31818
70, ie10, 45272, ., ., ., 90.27907, 90.27907
71, ie10, 46062, ., ., ., 196.74419, 196.74419
72, ie10, 47197, ., ., ., 177.63636, 177.63636
73, ie10, 48287, ., ., ., 181.04651, 181.04651
74, ie10, 49208, ., ., ., 132.5, 132.5
75, ie10, 50136, ., ., ., 59.952381, 59.952381
76, ie10, 51225, ., ., ., 180.13953, 180.13953
77, ie10, 52016, ., ., ., 126.04651, 126.04651
78, ie10, 53140, ., ., ., 171.86667, 171.86667
79, ie10, 54164, ., ., ., 186.7619, 186.7619
80, ie10, 55221, ., ., ., 113.48837, 113.48837
81, ie10, 56261, ., ., ., 161.16279, 161.16279
82, ie10, 57513, ., ., ., 77.545455, 77.545455
83, ie10, 58660, ., ., ., 104.02326, 104.02326
84, ie10, 60289, ., ., ., 46.139535, 46.139535
85, ie10, 61266, ., ., ., 90.883721, 90.883721
86, ie10, 62617, ., ., ., 22.372093, 22.372093
87, ie10, 64105, ., ., ., 69.727273, 69.727273
88, ie10, 65936, ., ., ., 12.136364, 12.136364
89, ie10, 67911, ., ., ., 81.428571, 81.428571
90, ie10, 70114, ., ., ., 67.116279, 67.116279
91, ie10, 71902, ., ., ., 46.818182, 46.818182
92, ie10, 74396, ., ., ., 34.651163, 34.651163
93, ie10, 77084, ., ., ., 56.465116, 56.465116
94, ie10, 80331, ., ., ., 81.162791, 81.162791
95, ie10, 84017, ., ., ., 80.697674, 80.697674
96, ie10, 90108, ., ., ., 65.590909, 65.590909
97, ie10, 97301, ., ., ., 128.46512, 128.46512
98, ie10, 108817, ., ., ., 28.186047, 28.186047
99, ie10, 132698, ., ., ., 67.302326, 67.302326
100, ie10, ., ., ., ., 67.44186, 67.44186
1, lu10, 11343, ., ., ., 0, 0
2, lu10, 15958, ., ., ., 0, 0
3, lu10, 18281, ., ., ., 103.4717, 103.4717
4, lu10, 19750, ., ., ., 39.272727, 39.272727
5, lu10, 20993, ., ., ., 82.846154, 82.846154
6, lu10, 22258, ., ., ., 210.11321, 210.11321
7, lu10, 23513, ., ., ., 75.555556, 75.555556
8, lu10, 24975, ., ., ., 610.69091, 610.69091
9, lu10, 26107, ., ., ., 319.15385, 319.15385
10, lu10, 27393, ., ., ., 0, 0
11, lu10, 28519, ., ., ., 150, 150
12, lu10, 29538, ., ., ., 272.94545, 272.94545
13, lu10, 30376, ., ., ., 155.55556, 155.55556
14, lu10, 31212, ., ., ., 50.4, 50.4
15, lu10, 32041, ., ., ., 134.66667, 134.66667
16, lu10, 32804, ., ., ., 134.4, 134.4
17, lu10, 33368, ., ., ., 425.66038, 425.66038
18, lu10, 34310, ., ., ., 101.45455, 101.45455
19, lu10, 35072, ., ., ., 0, 0
20, lu10, 35986, ., ., ., 0, 0
21, lu10, 36698, ., ., ., 236.66667, 236.66667
22, lu10, 37414, ., ., ., 77.018182, 77.018182
23, lu10, 38000, ., ., ., 92.444444, 92.444444
24, lu10, 38710, ., ., ., 0, 0
25, lu10, 39432.5, ., ., ., 160.22222, 160.22222
26, lu10, 40053, ., ., ., 120, 120
27, lu10, 40683, ., ., ., 186.32727, 186.32727
28, lu10, 41369, ., ., ., 110.22222, 110.22222
29, lu10, 42019, ., ., ., 0, 0
30, lu10, 42768, ., ., ., 0, 0
31, lu10, 43508, ., ., ., 108.65455, 108.65455
32, lu10, 44043, ., ., ., 91.111111, 91.111111
33, lu10, 44569, ., ., ., 0, 0
34, lu10, 45263, ., ., ., 0, 0
35, lu10, 45926, ., ., ., 226.90909, 226.90909
36, lu10, 46467, ., ., ., 0, 0
37, lu10, 47130, ., ., ., 0, 0
38, lu10, 47815, ., ., ., 233.33333, 233.33333
39, lu10, 48354, ., ., ., 0, 0
40, lu10, 49096, ., ., ., 0, 0
41, lu10, 49729, ., ., ., 196.36364, 196.36364
42, lu10, 50396, ., ., ., 0, 0
43, lu10, 51141, ., ., ., 0, 0
44, lu10, 51648, ., ., ., 0, 0
45, lu10, 52267, ., ., ., 0, 0
46, lu10, 53022, ., ., ., 0, 0
47, lu10, 53782, ., ., ., 0, 0
48, lu10, 54550, ., ., ., 0, 0
49, lu10, 55421, ., ., ., 379.63636, 379.63636
50, lu10, 55974, ., ., ., 0, 0
51, lu10, 56715, ., ., ., 0, 0
52, lu10, 57683, ., ., ., 0, 0
53, lu10, 58488, ., ., ., 0, 0
54, lu10, 59497, ., ., ., 0, 0
55, lu10, 60441, ., ., ., 222.22222, 222.22222
56, lu10, 61270, ., ., ., 327.27273, 327.27273
57, lu10, 62070, ., ., ., 0, 0
58, lu10, 62940, ., ., ., 347.56364, 347.56364
59, lu10, 63711, ., ., ., 0, 0
60, lu10, 64509, ., ., ., 0, 0
61, lu10, 65242, ., ., ., 360, 360
62, lu10, 66416, ., ., ., 0, 0
63, lu10, 67554, ., ., ., 0, 0
64, lu10, 68607, ., ., ., 0, 0
65, lu10, 69547, ., ., ., 88.888889, 88.888889
66, lu10, 70380, ., ., ., 238.90909, 238.90909
67, lu10, 71566, ., ., ., 0, 0
68, lu10, 72548, ., ., ., 0, 0
69, lu10, 73662, ., ., ., 0, 0
70, lu10, 74722, ., ., ., 0, 0
71, lu10, 76179, ., ., ., 0, 0
72, lu10, 77624, ., ., ., 0, 0
73, lu10, 78847, ., ., ., 0, 0
74, lu10, 80376, ., ., ., 0, 0
75, lu10, 81710.5, ., ., ., 0, 0
76, lu10, 83096, ., ., ., 0, 0
77, lu10, 84530, ., ., ., 0, 0
78, lu10, 86024, ., ., ., 0, 0
79, lu10, 87824, ., ., ., 0, 0
80, lu10, 89550, ., ., ., 0, 0
81, lu10, 91635, ., ., ., 0, 0
82, lu10, 93862, ., ., ., 0, 0
83, lu10, 95634, ., ., ., 0, 0
84, lu10, 97214, ., ., ., 0, 0
85, lu10, 98924, ., ., ., 0, 0
86, lu10, 101302, ., ., ., 0, 0
87, lu10, 103324, ., ., ., 0, 0
88, lu10, 105654, ., ., ., 0, 0
89, lu10, 107956, ., ., ., 0, 0
90, lu10, 110823, ., ., ., 0, 0
91, lu10, 114285, ., ., ., 0, 0
92, lu10, 117928, ., ., ., 0, 0
93, lu10, 122812, ., ., ., 0, 0
94, lu10, 128676, ., ., ., 0, 0
95, lu10, 134108, ., ., ., 0, 0
96, lu10, 141393, ., ., ., 0, 0
97, lu10, 153844, ., ., ., 0, 0
98, lu10, 167417, ., ., ., 0, 0
99, lu10, 205711, ., ., ., 0, 0
100, lu10, ., ., ., ., 0, 0
1, pe10, -91, 13368.685, 529.35681, 1197.1972, 374.42723, 374.42723
2, pe10, 94, 12721.056, 547.05634, 815.98122, 44.859155, 44.859155
3, pe10, 290, 6313.9005, 186.98104, 272.92417, 86.853081, 86.853081
4, pe10, 496, 5454.2991, 122.49065, 338.71028, 125.30374, 125.30374
5, pe10, 674, 6242.7109, 180.15166, 452.08057, 141.36493, 141.36493
6, pe10, 884, 6069.7196, 185.85514, 434.50935, 163.39252, 163.39252
7, pe10, 1115, 6180.2524, 153.46667, 507.55714, 148.18095, 148.18095
8, pe10, 1311, 6786.7535, 236.13023, 373.31163, 228.9907, 228.9907
9, pe10, 1513, 6497.1462, 155.5, 423.37736, 217.58962, 217.58962
10, pe10, 1715, 7665.9333, 275.90476, 595.8381, 294.18571, 294.18571
11, pe10, 1909, 6796.9061, 177.47887, 429.94836, 279.42723, 279.42723
12, pe10, 2139, 7430.3538, 271.98113, 439.83491, 370.08962, 370.08962
13, pe10, 2370, 7472.1028, 279.3972, 498.16822, 394.22897, 394.22897
14, pe10, 2573, 7770.3412, 228.19431, 527.76303, 322.70616, 322.70616
15, pe10, 2784, 8510.684, 300.18396, 463.35377, 400.65566, 400.65566
16, pe10, 3018, 9702.9906, 426.60849, 833.63679, 433.63208, 433.63208
17, pe10, 3251, 8809.717, 337.13208, 562.88208, 457.2783, 457.2783
18, pe10, 3507, 8952.9155, 326.4554, 579.82629, 442.21596, 442.21596
19, pe10, 3756, 9579.2535, 301.44131, 756.82629, 449.15023, 449.15023
20, pe10, 3999, 9232.3803, 370.56808, 603.40376, 534.57277, 534.57277
21, pe10, 4232, 9792.3555, 319.3128, 768.92417, 562.58294, 562.58294
22, pe10, 4497, 10379.835, 363.84906, 705.82075, 482.60377, 482.60377
23, pe10, 4764, 9189.2347, 314.74178, 476.66667, 428.98122, 428.98122
24, pe10, 5013, 11007.552, 441.82075, 775.57075, 496.43396, 496.43396
25, pe10, 5264.5, 10556.123, 393.41232, 690.24171, 512.72986, 512.72986
26, pe10, 5515, 11171.601, 369.11737, 814.99531, 478.4507, 478.4507
27, pe10, 5812, 11644.703, 434.23113, 862.09906, 566.81604, 566.81604
28, pe10, 6102, 11766.788, 381.46226, 946.54245, 429.33491, 429.33491
29, pe10, 6386, 11175.252, 333.10748, 848.42991, 433.25234, 433.25234
30, pe10, 6681, 11920.635, 505.81043, 825.94313, 434.94787, 434.94787
31, pe10, 7013, 11852.58, 489.75943, 795.01887, 488.79245, 488.79245
32, pe10, 7292, 12932.248, 604.40654, 1006.6028, 556.53738, 556.53738
33, pe10, 7572, 12455.829, 494.24171, 828.47867, 510.22749, 510.22749
34, pe10, 7870, 12681.453, 546.44393, 808.76636, 579.33178, 579.33178
35, pe10, 8176, 12534.19, 499.29384, 790.99052, 535.75355, 535.75355
36, pe10, 8455, 13581.236, 586.49528, 995.94811, 465.06132, 465.06132
37, pe10, 8783, 13658.533, 568.22642, 829.04245, 506.56604, 506.56604
38, pe10, 9065, 14191.566, 579.25, 940.08491, 509.89151, 509.89151
39, pe10, 9418, 14821.142, 653.46226, 1102.0519, 577.33019, 577.33019
40, pe10, 9684, 14593.135, 491.46512, 1222.3023, 606.17209, 606.17209
41, pe10, 10004, 14709.128, 620.4455, 1095.0569, 439.3981, 439.3981
42, pe10, 10293, 14534.637, 585.87736, 935.26415, 534.71698, 534.71698
43, pe10, 10602, 14277.042, 581.88263, 879.99531, 503.25352, 503.25352
44, pe10, 10926, 15324.557, 580.79245, 1118.1368, 599.35377, 599.35377
45, pe10, 11225, 15814.566, 642.32547, 1129.783, 616.79245, 616.79245
46, pe10, 11574, 16613.341, 718.18009, 1125.891, 582.08057, 582.08057
47, pe10, 11927, 17107.481, 782.55607, 1337.0421, 542.54673, 542.54673
48, pe10, 12303, 16860.038, 751.14151, 1007.5849, 523.06132, 523.06132
49, pe10, 12607, 17121.081, 841.58294, 1490.2701, 723.96209, 723.96209
50, pe10, 12918, 16514.313, 627.35047, 1071.8458, 579.02804, 579.02804
51, pe10, 13272, 17938.75, 757.78774, 1150.9434, 526.24057, 526.24057
52, pe10, 13578, 17431.915, 718.02844, 1262.8341, 687.38389, 687.38389
53, pe10, 13946, 18203.612, 909.70561, 1121.4299, 662.81776, 662.81776
54, pe10, 14274, 19372.351, 987.64929, 1316.6777, 495.67299, 495.67299
55, pe10, 14657, 18473.821, 888.75472, 1298.217, 593.53302, 593.53302
56, pe10, 15048, 18332.533, 857.34434, 1450.3208, 743.7217, 743.7217
57, pe10, 15465, 19114.901, 985.69014, 1488.6573, 650.47887, 650.47887
58, pe10, 15825, 19639.689, 832.57547, 1442.4292, 640.93396, 640.93396
59, pe10, 16228, 19084.486, 970.34906, 1261.3208, 644.6934, 644.6934
60, pe10, 16673, 20540.606, 1001.9014, 1352.9061, 633.83099, 633.83099
61, pe10, 17184, 20822.755, 1052.6934, 1464.5236, 626.43868, 626.43868
62, pe10, 17664, 21338.071, 1053.8019, 1590.7547, 718.31604, 718.31604
63, pe10, 18132, 21154.377, 1125.4198, 1427.3019, 649.11321, 649.11321
64, pe10, 18564, 21981.057, 1002.5377, 1413.684, 662.52358, 662.52358
65, pe10, 19067, 22788.967, 1141.9812, 1587.1549, 696.69953, 696.69953
66, pe10, 19555, 23347.929, 1104.9906, 1500.75, 642.0283, 642.0283
67, pe10, 20103, 22490.434, 1200.1745, 1516.1981, 644.08491, 644.08491
68, pe10, 20589, 24469.239, 1634.385, 1524.3239, 736.67136, 736.67136
69, pe10, 21115, 22736.547, 1205.3491, 1658.7028, 698.79245, 698.79245
70, pe10, 21622, 23543.594, 1208.4198, 1670.4575, 582.82075, 582.82075
71, pe10, 22192, 23593.887, 1054.662, 1562, 696.71831, 696.71831
72, pe10, 22793, 24608.967, 1254.184, 1708.1651, 783.81604, 783.81604
73, pe10, 23427, 25021.141, 1189.7887, 1996.939, 956.81221, 956.81221
74, pe10, 24015, 25480.972, 1306.6066, 1875.5829, 871.43602, 871.43602
75, pe10, 24689.5, 26035.505, 1348.8208, 1889.5472, 679.40094, 679.40094
76, pe10, 25358, 27121.657, 1627.2911, 2192.7793, 1116.7183, 1116.7183
77, pe10, 26002, 28051.319, 1562.5399, 2164.5634, 1027.6056, 1027.6056
78, pe10, 26971, 27776.469, 1469.218, 2266.7393, 1095.5829, 1095.5829
79, pe10, 27819, 27859.554, 1651.1502, 2321.6432, 946.76995, 946.76995
80, pe10, 28716, 28407.217, 1779.6321, 2382.0283, 1032.0943, 1032.0943
81, pe10, 29663, 29828.646, 1611.0236, 2250.967, 973.88679, 973.88679
82, pe10, 30595, 29627.66, 1578.3538, 2482.5094, 983.81132, 983.81132
83, pe10, 31762, 29389.793, 1682.8357, 1869.6995, 847.19718, 847.19718
84, pe10, 32897, 32334.382, 1846.9811, 2438.3868, 998.83019, 998.83019
85, pe10, 34082, 31993.288, 1693.5047, 2501.5472, 1067.4623, 1067.4623
86, pe10, 35428, 33086.268, 1782.6197, 2574.7981, 1050.9155, 1050.9155
87, pe10, 36752, 32628.057, 2050.9245, 2377.2547, 1152.467, 1152.467
88, pe10, 38296, 33970.717, 2345.3821, 2702.9057, 1224.1792, 1224.1792
89, pe10, 39939, 36864.892, 2535.6651, 3309.1179, 1055.3821, 1055.3821
90, pe10, 42000, 34550.304, 2056.4813, 2641.0981, 1176.4766, 1176.4766
91, pe10, 44153, 39389.948, 2718.6114, 3118.9763, 1192.4976, 1192.4976
92, pe10, 46421, 39386.764, 2485.2406, 3160.4009, 1403.184, 1403.184
93, pe10, 49186, 40221.526, 2903.4085, 4019.338, 1939.2629, 1939.2629
94, pe10, 52194, 40331.132, 2651.0094, 3455.533, 1463.0047, 1463.0047
95, pe10, 56357, 43404.835, 3161.2877, 3452.6651, 1413.5849, 1413.5849
96, pe10, 62213, 45053.292, 3057.7075, 3877.4104, 1546.1368, 1546.1368
97, pe10, 69358, 47967.737, 3632.23, 3484.3146, 1142.1972, 1142.1972
98, pe10, 80549, 55559.858, 4084.4009, 6213.1085, 2591.3962, 2591.3962
99, pe10, 103403, 56834.406, 4215.1321, 4979.1132, 1960.2311, 1960.2311
100, pe10, ., 73829.09, 6578.2311, 8500.7311, 3126.3066, 3126.3066
1, si10, 1641, 12435.079, 2.675, 209.5, 181.525, 181.525
2, si10, 2824, 14856.921, 92.717949, 334.05128, 193.71795, 193.71795
3, si10, 4010, 13748.472, 2.8974359, 549.69231, 228.76923, 228.76923
4, si10, 4978, 9801.3243, 17.589744, 212.84615, 213.05128, 213.05128
5, si10, 5686, 10858.838, .8, 282.425, 216.95, 216.95
6, si10, 6113, 9358.3939, 0, 71.051282, 177.17949, 177.17949
7, si10, 6540, 12215.5, 13.615385, 133.69231, 149.30769, 149.30769
8, si10, 6966, 11393.028, 19.205128, 261.05128, 189.58974, 189.58974
9, si10, 7574, 12303.846, 0, 240.9, 153.35, 153.35
10, si10, 7906, 12479.795, 19.974359, 312.48718, 174.10256, 174.10256
11, si10, 8478, 12727.441, 64.538462, 338.84615, 264.33333, 264.33333
12, si10, 8810, 12966.167, 8.9487179, 351.53846, 149.48718, 149.48718
13, si10, 9208, 12948.081, 0, 266.55, 214.475, 214.475
14, si10, 9618, 12837.351, 0, 188.33333, 101.53846, 101.53846
15, si10, 10001, 16844.778, 112.79487, 272.94872, 283.51282, 283.51282
16, si10, 10329, 16568.595, 55.923077, 247.74359, 239.10256, 239.10256
17, si10, 10824, 16247.026, 96.425, 319.625, 168.9, 168.9
18, si10, 11223, 16844.97, 23.512821, 326.64103, 131.94872, 131.94872
19, si10, 11547, 17566.108, 39.948718, 411.66667, 160.61538, 160.61538
20, si10, 11913, 18477.892, 27.769231, 576.25641, 173.05128, 173.05128
21, si10, 12257, 16429.667, 69.85, 217.1, 258.15, 258.15
22, si10, 12617, 18572.389, 39.25641, 526.15385, 118.84615, 118.84615
23, si10, 12953, 18302.343, 71.717949, 271.74359, 231.69231, 231.69231
24, si10, 13308, 18166.971, 60.179487, 694.33333, 107.92308, 107.92308
25, si10, 13552.5, 16780.4, 81.769231, 573.41026, 219.58974, 219.58974
26, si10, 13959, 17183.487, 45.15, 382.45, 189.1, 189.1
27, si10, 14254, 19511.343, 59.307692, 354.23077, 146.87179, 146.87179
28, si10, 14614, 20126.622, 91.512821, 549.66667, 82.692308, 82.692308
29, si10, 14869, 20335.297, 39.205128, 708.17949, 122.79487, 122.79487
30, si10, 15181, 19155.538, 46.926829, 397.7561, 118.80488, 118.80488
31, si10, 15530, 18093.229, 53.657895, 450.28947, 159.26316, 159.26316
32, si10, 15758, 18354.553, 77.307692, 378.48718, 128.58974, 128.58974
33, si10, 16005, 20530.114, 155.69231, 446.35897, 164.10256, 164.10256
34, si10, 16254, 22142.436, 106.475, 921.4, 106.15, 106.15
35, si10, 16647, 20658.314, 28.025641, 359.35897, 109.66667, 109.66667
36, si10, 16946, 19745.744, 34.333333, 587.87179, 166.84615, 166.84615
37, si10, 17275, 19740.026, 259.38462, 365.97436, 139.92308, 139.92308
38, si10, 17585, 21291.368, 122.225, 401.75, 162.1, 162.1
39, si10, 17899, 20287.686, 143.76923, 421.23077, 140.02564, 140.02564
40, si10, 18203, 21631.595, 81.512821, 445.30769, 168.89744, 168.89744
41, si10, 18450, 20687.211, 119.51282, 717.17949, 134.17949, 134.17949
42, si10, 18784, 22964.8, 29.325, 366.925, 176.5, 176.5
43, si10, 19107, 22857.25, 285.76923, 500.69231, 155.20513, 155.20513
44, si10, 19425, 21674.806, 134.28205, 456.79487, 124, 124
45, si10, 19708, 22823.324, 97.15, 405.925, 147.625, 147.625
46, si10, 19999, 22583.658, 149.74359, 384.87179, 135.05128, 135.05128
47, si10, 20309, 23587.622, 168.58974, 642.89744, 93.923077, 93.923077
48, si10, 20622, 22241.757, 126.30769, 281.33333, 199.10256, 199.10256
49, si10, 20987, 22199.361, 110.23077, 405.82051, 104.35897, 104.35897
50, si10, 21302, 25394.6, 327.12821, 658.48718, 193.25641, 193.25641
51, si10, 21602, 24515.308, 121.15, 544.2, 121.95, 121.95
52, si10, 21898, 24014.811, 163.94872, 535.07692, 86.897436, 86.897436
53, si10, 22282, 26674.892, 121.12821, 700.35897, 130.28205, 130.28205
54, si10, 22513, 25149.083, 120.94872, 774.79487, 127.58974, 127.58974
55, si10, 22834, 26924.077, 92.125, 398.75, 118.35, 118.35
56, si10, 23104, 25671.051, 104.66667, 384.30769, 141.28205, 141.28205
57, si10, 23465, 26327.405, 397.84615, 517.53846, 168.89744, 168.89744
58, si10, 23768, 23325.351, 234.4359, 334.12821, 208.02564, 208.02564
59, si10, 24094, 23298.162, 236.85, 563.825, 210.975, 210.975
60, si10, 24402, 24570.692, 168.02564, 545.51282, 137.97436, 137.97436
61, si10, 24821, 25478.711, 329.28205, 623.41026, 107, 107
62, si10, 25198, 28423.474, 383.30769, 268.94872, 129.51282, 129.51282
63, si10, 25693, 27514.775, 143.825, 675.475, 201.5, 201.5
64, si10, 26005, 29774.553, 150.4359, 328.97436, 123.69231, 123.69231
65, si10, 26351, 26274.947, 332.10256, 470, 159.58974, 159.58974
66, si10, 26739, 24940.718, 370.76923, 493.66667, 110.51282, 110.51282
67, si10, 27154, 29832.289, 178, 623.575, 156.5, 156.5
68, si10, 27525, 26674.611, 396.79487, 453.58974, 111.30769, 111.30769
69, si10, 27912, 28432.297, 311.58974, 430.48718, 175.69231, 175.69231
70, si10, 28294, 26845.105, 240.20513, 634.46154, 128, 128
71, si10, 28832, 29722.564, 229.825, 526.625, 43.25, 43.25
72, si10, 29186, 29122.605, 246.41026, 544.89744, 195.35897, 195.35897
73, si10, 29684, 29533.053, 306.4359, 535.35897, 215.33333, 215.33333
74, si10, 30098, 26990.568, 544.69231, 566.05128, 148.07692, 148.07692
75, si10, 30612, 28144.162, 436.79487, 409.61538, 60.666667, 60.666667
76, si10, 31019, 31755.4, 426.35, 603.35, 147.425, 147.425
77, si10, 31435, 29529.105, 221.51282, 530.76923, 156.17949, 156.17949
78, si10, 31940, 29954.711, 224.71795, 662.51282, 169.87179, 169.87179
79, si10, 32439, 36388.658, 341.89744, 436.61538, 122.35897, 122.35897
80, si10, 33035, 36802.897, 608.875, 841.1, 72.25, 72.25
81, si10, 33731, 33142.528, 254.46154, 610.02564, 219.10256, 219.10256
82, si10, 34383, 31706.838, 426.15385, 600.53846, 134.46154, 134.46154
83, si10, 34954, 34669.895, 545.25641, 619.5641, 130.71795, 130.71795
84, si10, 35572, 31340.718, 146.025, 682.625, 115.4, 115.4
85, si10, 36141, 35527.949, 357.30769, 544.30769, 67.487179, 67.487179
86, si10, 36624, 38225.583, 459.69231, 660, 133.4359, 133.4359
87, si10, 37280, 36317.784, 621.15385, 506.87179, 151.02564, 151.02564
88, si10, 38222, 36230.718, 246.275, 617.325, 86.3, 86.3
89, si10, 39075, 34426.158, 413.87179, 670.66667, 168.46154, 168.46154
90, si10, 40091, 33332.027, 361.64103, 505.35897, 102.15385, 102.15385
91, si10, 41221, 36737.718, 260.64103, 648.12821, 94.333333, 94.333333
92, si10, 42322, 34728, 452.2, 762.825, 132.6, 132.6
93, si10, 43351, 37340.436, 258.66667, 629.38462, 152.64103, 152.64103
94, si10, 44642, 41323.051, 315.74359, 896.10256, 91.512821, 91.512821
95, si10, 46834, 39391.282, 114.30769, 674.92308, 110.94872, 110.94872
96, si10, 49338, 39342.5, 439.75, 843.05, 142.15, 142.15
97, si10, 52254, 39373.256, 340.64103, 652.25641, 96.230769, 96.230769
98, si10, 56823, 46581.795, 629, 814.33333, 52.205128, 52.205128
99, si10, 63622, 51570.378, 439.71795, 1316.8462, 102.82051, 102.82051
100, si10, ., 48747.842, 483.41026, 556.12821, 100.02564, 100.02564
1, us10, 88, ., ., 4114.4521, 170.93617, 170.93617
2, us10, 3200, ., ., 5412.6822, 437.7766, 437.7766
3, us10, 6076, ., ., 6216.8019, 614.23404, 614.23404
4, us10, 8152, ., ., 8480.7327, 787.35638, 787.35638
5, us10, 9300, ., ., 9982.6609, 697.24468, 697.24468
6, us10, 10253, ., ., 10218.086, 580.86702, 580.86702
7, us10, 11196, ., ., 10051.175, 666.86623, 666.86623
8, us10, 12000, ., ., 9897.9253, 442.352, 442.352
9, us10, 12888, ., ., 9998.3787, 397.376, 397.376
10, us10, 13610, ., ., 10380.262, 289.06773, 289.06773
11, us10, 14400, ., ., 9936.4391, 278.9882, 278.9882
12, us10, 15258, ., ., 9477.5324, 265.23243, 265.23243
13, us10, 16055, ., ., 9532.8457, 178.21277, 178.21277
14, us10, 16880, ., ., 10074.907, 245.05179, 245.05179
15, us10, 17674, ., ., 8290.2154, 203.85638, 203.85638
16, us10, 18464, ., ., 9023.745, 169.14741, 169.14741
17, us10, 19235, ., ., 11173.677, 164.63551, 164.63551
18, us10, 20104, ., ., 8586.3457, 183.39894, 183.39894
19, us10, 20940, ., ., 8593.3519, 171.12351, 171.12351
20, us10, 21660, ., ., 8527.9309, 127.54787, 127.54787
21, us10, 22501, ., ., 8590.5406, 124.72969, 124.72969
22, us10, 23314, ., ., 8589.2639, 98.61008, 98.61008
23, us10, 24158, ., ., 8183.6343, 89.760638, 89.760638
24, us10, 24972, ., ., 7789.616, 58.352, 58.352
25, us10, 25706, ., ., 8246.1529, 80.058511, 80.058511
26, us10, 26522, ., ., 8710.6698, 91.494008, 91.494008
27, us10, 27290, ., ., 7821.0385, 92.733068, 92.733068
28, us10, 28019, ., ., 8439.9028, 68.133156, 68.133156
29, us10, 28762, ., ., 7929.4449, 90.501992, 90.501992
30, us10, 29521, ., ., 7459.731, 83.520639, 83.520639
31, us10, 30340, ., ., 8403.3347, 87.10757, 87.10757
32, us10, 31114, ., ., 7755.6733, 60.318725, 60.318725
33, us10, 31848, ., ., 7507.6707, 63.968, 63.968
34, us10, 32654, ., ., 7645.4016, 68.792553, 68.792553
35, us10, 33423, ., ., 7003.8668, 98.588549, 98.588549
36, us10, 34210, ., ., 6915.3191, 78.255319, 78.255319
37, us10, 34963, ., ., 6742.2261, 83.760638, 83.760638
38, us10, 35806, ., ., 6811.1157, 56.585106, 56.585106
39, us10, 36591, ., ., 7316.5817, 55.888446, 55.888446
40, us10, 37374, ., ., 7404.5153, 90.295606, 90.295606
41, us10, 38131, ., ., 7237.4542, 55.266932, 55.266932
42, us10, 38967, ., ., 7079.7987, 49.936, 49.936
43, us10, 39805, ., ., 7170.6799, 35.043825, 35.043825
44, us10, 40636, ., ., 6434.8429, 39.435419, 39.435419
45, us10, 41477, ., ., 7342.9481, 31.148936, 31.148936
46, us10, 42334, ., ., 6987.0904, 40.420213, 40.420213
47, us10, 43208, ., ., 7485.8484, 68.87234, 68.87234
48, us10, 44063, ., ., 6931.0426, 47.920213, 47.920213
49, us10, 44977, ., ., 7172.2021, 30.079787, 30.079787
50, us10, 45900.5, ., ., 6524.6178, 39.163782, 39.163782
51, us10, 46787, ., ., 6492.5299, 9.9601594, 9.9601594
52, us10, 47710, ., ., 6293.3958, 16.223108, 16.223108
53, us10, 48664, ., ., 7177.0839, 19.430093, 19.430093
54, us10, 49651, ., ., 6009.4234, 17.816245, 17.816245
55, us10, 50624, ., ., 5957.9548, 22.691489, 22.691489
56, us10, 51571, ., ., 6265.5564, 7.5219124, 7.5219124
57, us10, 52560, ., ., 5761.9015, 33.107856, 33.107856
58, us10, 53660, ., ., 6267.875, 22.053191, 22.053191
59, us10, 54677, ., ., 6260.9109, 10.164894, 10.164894
60, us10, 55705, ., ., 6070.3475, 5.3368842, 5.3368842
61, us10, 56857, ., ., 5913.5572, 16.43617, 16.43617
62, us10, 57853, ., ., 5849.8777, 12.574468, 12.574468
63, us10, 59031, ., ., 5581.3714, 9.1352785, 9.1352785
64, us10, 60234, ., ., 6436.9213, 6.352, 6.352
65, us10, 61505, ., ., 5535.0984, 9.8457447, 9.8457447
66, us10, 62714, ., ., 5427.6955, 3.7978723, 3.7978723
67, us10, 64027, ., ., 5375.3995, 5.448735, 5.448735
68, us10, 65354, ., ., 5578.3125, 7.9308511, 7.9308511
69, us10, 66602, ., ., 5667.4747, 4.6914894, 4.6914894
70, us10, 67957, ., ., 5023.879, 5.2180851, 5.2180851
71, us10, 69374, ., ., 5435.4867, 6.0638298, 6.0638298
72, us10, 70868, ., ., 5342.4269, 2.6170213, 2.6170213
73, us10, 72296, ., ., 6337.8152, 0, 0
74, us10, 73802, ., ., 5538.887, 0, 0
75, us10, 75433, ., ., 5517.9148, 8.2130493, 8.2130493
76, us10, 76972, ., ., 5752.0359, 6.8617021, 6.8617021
77, us10, 78704, ., ., 5185.3444, 0, 0
78, us10, 80425, ., ., 5336.5798, 0, 0
79, us10, 82241, ., ., 6066.5758, 2.4734043, 2.4734043
80, us10, 83986, ., ., 5021.613, 0, 0
81, us10, 85987, ., ., 5189.8311, 0, 0
82, us10, 87984, ., ., 5330.8697, 0, 0
83, us10, 90014, ., ., 5132.5153, 0, 0
84, us10, 92124, ., ., 4655.384, 0, 0
85, us10, 94417, ., ., 5151.3843, 0, 0
86, us10, 96904, ., ., 4525.4215, 0, 0
87, us10, 99679, ., ., 5268.7314, 2.0744681, 2.0744681
88, us10, 102377, ., ., 5559.5, 46.898936, 46.898936
89, us10, 105714, ., ., 5556.9442, 1.498008, 1.498008
90, us10, 109229, ., ., 5224.4687, 0, 0
91, us10, 112993, ., ., 5469.2806, 2.1861702, 2.1861702
92, us10, 117095, ., ., 5117.0146, 0, 0
93, us10, 122384, ., ., 5782.4375, 0, 0
94, us10, 128715, ., ., 5767.125, 0, 0
95, us10, 136392, ., ., 5787.7819, 0, 0
96, us10, 146837, ., ., 5484.6463, 0, 0
97, us10, 161094, ., ., 4870.5293, 0, 0
98, us10, 182775, ., ., 5940.9508, 0, 0
99, us10, 226317, ., ., 5652.2886, 0, 0
100, us10, ., ., ., 5364.7044, 0, 0